row_id,name,age,dept
1,Alice,Charlie,30,IT
2,Bob,,HR
3,Charlie,28,12121,IT
4,Alice,30,IT,Charlie
5,Eve,35,
6,Frank,Charlie,40,Finance
7,Grace,,HR
8,Bob,,HR
9,Heidi,29,IT,Charlie
10,Ivan,31,Security
11,Judy,27,IT
12,Mallory,45,Finance
13,Oscar,,HR
14,Peggy,34,323,IT
15,Trent,38,Security
16,Victor,41,Finance
17,Walter,,
18,Alice,30,IT
19,Yvonne,26,HR
20,Zara,33,IT
21,Uma,Charlie,29,IT
22,Nina,twenty,HR
23,Raj,34,Charlie,Finance
24,Karan,36,IT
25,Mona,,HR
26,Sam,31,IT
27,Tom,30,IT
28,Leo,28,Security
29,Paul,45,Finance
30,Rita,27,HR
31,Steve,39,IT
32,Anna,33,IT
33,Chris,,Finance
34,Bob,,HR
35,Eva,29,IT
36,Mike,Charlie,41,Security
37,Noah,38,Finance
38,Olivia,34,HR
39,Peter
40,"BrokenName,29,IT
